{
  "loss": [
    0.0005103481817059219,
    0.00013531681906897575,
    9.848438639892265e-05,
    8.476861694362015e-05,
    7.60580733185634e-05,
    6.827101606177166e-05,
    6.505841156467795e-05,
    6.25876200501807e-05,
    6.187349936226383e-05,
    4.916597026749514e-05,
    4.590606113197282e-05,
    4.458045805222355e-05,
    4.405293657328002e-05,
    4.327987335273065e-05
  ],
  "val_loss": [
    0.011211677454411983,
    0.0082837650552392,
    0.00797909777611494,
    0.0066547514870762825,
    0.010363231413066387,
    0.008808499202132225,
    0.007542590610682964,
    0.009538032114505768,
    0.007077573798596859,
    0.009311686269938946,
    0.008115840144455433,
    0.008453872986137867,
    0.008265001699328423,
    0.008102339692413807
  ],
  "mae": [
    0.012069719843566418,
    0.006777555216103792,
    0.00569918705150485,
    0.005319951102137566,
    0.004984768573194742,
    0.004713494796305895,
    0.004631678108125925,
    0.004483368247747421,
    0.004513662774115801,
    0.0038122518453747034,
    0.0036900187842547894,
    0.003627290017902851,
    0.0036040092818439007,
    0.0035511625465005636
  ],
  "val_mae": [
    0.08666974306106567,
    0.07482686638832092,
    0.0716908872127533,
    0.06508403271436691,
    0.08056864887475967,
    0.07822304219007492,
    0.07176149636507034,
    0.08004260808229446,
    0.06987131386995316,
    0.07814808189868927,
    0.07398197799921036,
    0.07614243030548096,
    0.07373718917369843,
    0.07250833511352539
  ]
}