{
  "loss": [
    0.0003719537635333836,
    0.0001392517879139632,
    0.00010872953134821728,
    8.427465945715085e-05,
    7.3214054282289e-05,
    6.633600423811004e-05,
    4.830972829950042e-05,
    4.6488312364090234e-05,
    4.4922056986251846e-05,
    4.289420758141205e-05,
    4.0538012399338186e-05
  ],
  "val_loss": [
    0.005178723484277725,
    0.007335638161748648,
    0.006942634005099535,
    0.008399629965424538,
    0.00830051675438881,
    0.00870741717517376,
    0.00899168848991394,
    0.008838237263262272,
    0.0078124841675162315,
    0.008494519628584385,
    0.008603695780038834
  ],
  "mae": [
    0.010388682596385479,
    0.006720925215631723,
    0.005796949844807386,
    0.005111365113407373,
    0.004778273403644562,
    0.00451594078913331,
    0.0037965881638228893,
    0.003705280600115657,
    0.0036173085682094097,
    0.003534601768478751,
    0.0034547497052699327
  ],
  "val_mae": [
    0.05706926807761192,
    0.0682324692606926,
    0.07090367376804352,
    0.07523846626281738,
    0.07436641305685043,
    0.07862734794616699,
    0.07788259536027908,
    0.07702237367630005,
    0.07319623976945877,
    0.07490232586860657,
    0.0762874037027359
  ]
}