{
  "loss": [
    0.0004213329521007836,
    0.00027239075279794633,
    0.00026388722471892834,
    0.00025259339599870145,
    0.00023875970509834588,
    0.00023827746917959303,
    0.00022566546977031976,
    0.0002143368765246123,
    0.000215166321140714,
    0.00021698417549487203,
    0.00021678897610399872,
    0.00019426789367571473,
    0.00019716638780664653,
    0.00019655594951473176,
    0.0001977002975763753,
    0.00019183596305083483,
    0.0001852327841334045,
    0.00018831316265277565,
    0.0001857961469795555,
    0.00018442283908370882,
    0.00018690778233576566,
    0.00018458618433214724,
    0.00018509717483539134,
    0.00018156226724386215,
    0.0001808807865018025,
    0.00018265779362991452,
    0.00018160033505409956,
    0.00018141137843485922,
    0.00018274063768330961,
    0.00018635725427884609,
    0.00018119958986062557,
    0.00018147264199797064,
    0.00018168588576372713,
    0.00018037640256807208,
    0.00018275518959853798,
    0.00017627298075240105,
    0.0001789235684555024,
    0.00018043775344267488,
    0.00017908753943629563,
    0.00018020033894572407,
    0.00018051241931971163,
    0.0001786625070963055,
    0.00018149884999729693,
    0.0001794899144442752
  ],
  "val_loss": [
    0.000326834648149088,
    0.00035194639349356294,
    0.00037189185968600214,
    0.0008928914903663099,
    0.0004765901539940387,
    0.00018932374950964004,
    0.0003915709094144404,
    0.0004965968546457589,
    0.0004888408584520221,
    0.0005722591304220259,
    0.0005360638606362045,
    0.00021325802663341165,
    0.00017221947200596333,
    0.00018989101226907223,
    0.00016328878700733185,
    0.00016933800361584872,
    0.00014446329441852868,
    0.0002068769681500271,
    0.00026026464183814824,
    0.0004512770683504641,
    0.00017549435142427683,
    0.00015255760808940977,
    0.00013960205251351,
    0.00014222355093806982,
    0.00015226975665427744,
    0.00024173867132049054,
    0.00016872116248123348,
    0.0002022138360189274,
    0.0001761795865604654,
    0.0002385567786404863,
    0.00013881432823836803,
    0.0001411225093761459,
    0.0001413670979673043,
    0.00013052830763626844,
    0.0001405232906108722,
    0.00015046578482724726,
    0.00014851010928396136,
    0.00016006709483917803,
    0.00016905978554859757,
    0.000145286088809371,
    0.00013722837320528924,
    0.0001469041162636131,
    0.00016574631445109844,
    0.0001503125240560621
  ],
  "mae": [
    0.010465157218277454,
    0.008779549971222878,
    0.008619491942226887,
    0.0084084989503026,
    0.008252452127635479,
    0.008186610415577888,
    0.007967385463416576,
    0.007798498030751944,
    0.0077970498241484165,
    0.00778215192258358,
    0.0077991546131670475,
    0.007270164787769318,
    0.007279741577804089,
    0.007280360907316208,
    0.007262369152158499,
    0.007186023518443108,
    0.0069817425683140755,
    0.007023901212960482,
    0.006974066141992807,
    0.0069586969912052155,
    0.007003370672464371,
    0.006879275664687157,
    0.006867765914648771,
    0.006853168364614248,
    0.006823576055467129,
    0.006836474873125553,
    0.0068219504319131374,
    0.006788237951695919,
    0.0068234847858548164,
    0.006868697237223387,
    0.006797196343541145,
    0.006778019014745951,
    0.006787282880395651,
    0.006769849453121424,
    0.006793315056711435,
    0.006741408258676529,
    0.0067498087882995605,
    0.006754404865205288,
    0.006745809223502874,
    0.006767264101654291,
    0.0067631253041327,
    0.0067485636100173,
    0.006763591431081295,
    0.006750964559614658
  ],
  "val_mae": [
    0.01236929651349783,
    0.011952011846005917,
    0.01291667204350233,
    0.02276783250272274,
    0.013578206300735474,
    0.008762042969465256,
    0.01232355460524559,
    0.015272700227797031,
    0.014258154667913914,
    0.019161779433488846,
    0.016947904601693153,
    0.009312954731285572,
    0.008003417402505875,
    0.008159535937011242,
    0.007695815060287714,
    0.008143174462020397,
    0.007519083097577095,
    0.009273793548345566,
    0.010068850591778755,
    0.014810538850724697,
    0.007859598845243454,
    0.007307114079594612,
    0.006972307339310646,
    0.0070538949221372604,
    0.007356499787420034,
    0.009836943820118904,
    0.007906164973974228,
    0.008654783479869366,
    0.007941227406263351,
    0.01005568727850914,
    0.007058928720653057,
    0.0070692794397473335,
    0.007144995965063572,
    0.006809815764427185,
    0.007106265053153038,
    0.007301514036953449,
    0.0073729767464101315,
    0.007700845133513212,
    0.007966442964971066,
    0.007177396211773157,
    0.006949884817004204,
    0.007156874518841505,
    0.007733920589089394,
    0.007275765296071768
  ]
}