{
  "loss": [
    0.0009570036199875176,
    0.00036679176264442503,
    0.00030952549423091114,
    0.00030624374630860984,
    0.0002950651978608221,
    0.00027979607693850994,
    0.00027428814792074263,
    0.00026636687107384205,
    0.00026543918647803366,
    0.00025817213463597,
    0.0002596115809865296,
    0.0002577242557890713,
    0.00025797748821787536,
    0.0002557046536821872,
    0.00026059537776745856,
    0.0002510985650587827,
    0.0002411078748991713,
    0.0002419378433842212,
    0.0002433192275930196,
    0.000239737011725083,
    0.0002410529414191842,
    0.00024040475545916706,
    0.0002237056178273633,
    0.00023210594372358173,
    0.00023966059961821884,
    0.00024039226991590112
  ],
  "val_loss": [
    0.00489033991470933,
    0.004216414876282215,
    0.0033237244933843613,
    0.005029288586229086,
    0.004518524277955294,
    0.005452344194054604,
    0.0029049471486359835,
    0.0042622266337275505,
    0.004554882179945707,
    0.0027630990371108055,
    0.0031252563931047916,
    0.004277210682630539,
    0.003626112826168537,
    0.003270314773544669,
    0.00397290987893939,
    0.002393098548054695,
    0.003953663632273674,
    0.0026773891877382994,
    0.003574643051251769,
    0.0031750130001455545,
    0.0034308237954974174,
    0.0031926685478538275,
    0.0029455230105668306,
    0.0035742141772061586,
    0.0026125514414161444,
    0.0031542456708848476
  ],
  "mae": [
    0.015292651019990444,
    0.010646929033100605,
    0.009710944257676601,
    0.00948758888989687,
    0.009310002438724041,
    0.009105135686695576,
    0.009045363403856754,
    0.008906316012144089,
    0.00881913211196661,
    0.008703142404556274,
    0.008704937994480133,
    0.008663882501423359,
    0.00864247977733612,
    0.008594537153840065,
    0.008624588139355183,
    0.008317887783050537,
    0.008218366652727127,
    0.008212115615606308,
    0.008252924308180809,
    0.00820669811218977,
    0.008232001215219498,
    0.008061706088483334,
    0.007894936949014664,
    0.007968813180923462,
    0.008048457093536854,
    0.008106155321002007
  ],
  "val_mae": [
    0.05173904076218605,
    0.044430043548345566,
    0.04067996144294739,
    0.05077488720417023,
    0.04935736209154129,
    0.04980878904461861,
    0.03260261192917824,
    0.04388747736811638,
    0.044955816119909286,
    0.03269354999065399,
    0.035573769360780716,
    0.04100790247321129,
    0.038126472383737564,
    0.038507480174303055,
    0.03891214355826378,
    0.03036285564303398,
    0.04324115440249443,
    0.03278630971908569,
    0.039136115461587906,
    0.03481798619031906,
    0.03781672567129135,
    0.03735833615064621,
    0.03279358893632889,
    0.0389263890683651,
    0.029530826956033707,
    0.03570413589477539
  ]
}